skills/rtl-ip-flow/SKILL.md	gone	-	-	present	8709	426dc99ca2849252fee978856668a04515bd83cd1872f1ea3c96816ac0535961	n/a(moved)
skills/rtl-ip-flow/templates/defect-report.md	gone	-	-	present	1338	30e933704a92af4f6159b0d07385083cb12bf25749bfcd1975b0ddce08f867cf	n/a(moved)
skills/rtl-ip-flow/templates/detail-design.md	gone	-	-	present	3744	f9cb237c82c4412ebad4f7d59707a4316991d3977d1f75ff7ca68ecc25f7da7e	n/a(moved)
skills/rtl-ip-flow/templates/dfmea.md	gone	-	-	present	1385	1b11566bd0ada418e25a09c665ca78854ca02c277116d11485374b1fb81619d0	n/a(moved)
skills/rtl-ip-flow/templates/req-spec.md	gone	-	-	present	3076	64dfb62b10f0d7b1c72223f0e01cf695879268d25bbb01291502bdb6a507c9fb	n/a(moved)
skills/rtl-ip-flow/templates/user-manual.md	gone	-	-	present	8634	ad2f3b1b8f2a829f26ea64644ad2f7d69e1434dd0c6eeb4b94d45ebf496abd72	n/a(moved)
skills/rtl-ip-flow/templates/validation-manual.md	gone	-	-	present	1225	456a995e6254ec0e96968387edd5441beb0ce078674eab92fe10c906e6ee27d8	n/a(moved)
skills/rtl-ip-flow/templates/validation-report.md	gone	-	-	present	1450	8583b6e8dca7bfc9bd05da5550bbca8a464ee1fe19067f924b4ca6d761372baa	n/a(moved)
skills/rtl-ip-flow/templates/verification-plan.md	gone	-	-	present	3308	75ca8c8267e516c7dc247ae8a3cca99df6da816c08bb7e3c53e2c082048b258b	n/a(moved)
skills/rtl-codestyle/references/comment-conventions.md	gone	-	-	present	2464	1516c115e0ffab4075117773ee1d8532fcb691cd5006ed83717193615edd259f	n/a(moved)
skills/rtl-codestyle/references/style-checklist.md	gone	-	-	present	3373	eaed996728465006decf35bce7f41f02ea2f98c98d1bca405572ea61e9081373	n/a(moved)
skills/rtl-codestyle/SKILL.md	gone	-	-	present	5480	2b7f820289e8ec0535309234f3711a8f970a5f7d453a6c6a5c06b89563b80ce1	n/a(moved)
skills/rtl-codestyle/templates/fsm_3process.vinc	gone	-	-	present	3469	a80500990bb5d813a95014c6379fd8a98aadbec6d133f9f78459a7161b7dbb2f	n/a(moved)
skills/rtl-codestyle/templates/module_skeleton.vinc	gone	-	-	present	7641	74c01ceae58b11475489c025d2ed133a6bd36fea49957e168efce1c6b657eaa8	n/a(moved)
skills/rtl-codestyle/templates/parameterized_counter.vinc	gone	-	-	present	1424	60a7c4768400e45ea8f39266f12cb43986203cce673167de44c5506f42d1ad78	n/a(moved)
skills/rtl-verif/examples/regression/README.md	gone	-	-	present	934	d2b8b58d8852a4cee31b332569461c028a7f2ff75af7abee8e4e32eda68cf45c	n/a(moved)
skills/rtl-verif/examples/regression/run_regression.sh	gone	-	-	present	1511	c682c006095c93945b47cd3fe960710b226a6f66a6766f9356ebd9154f3813e3	n/a(moved)
skills/rtl-verif/fixtures/adder4/Makefile	gone	-	-	present	1008	275d940bc289c0e702828a0540a8a6266f3f0987a60ee5317307a208db6ae22c	n/a(moved)
skills/rtl-verif/fixtures/adder4/tb_adder4.py	gone	-	-	present	2742	88f764748b27e322e894d40c0f3c882ae8267628efefd044676acae47f7002be	n/a(moved)
skills/rtl-verif/fixtures/cnt8/Makefile	gone	-	-	present	998	bf99c191d5ed3d60dde8cf57dd1ace5370580fb9bf84844a5d56d7a86f0be009	n/a(moved)
skills/rtl-verif/fixtures/cnt8/tb_cnt8.py	gone	-	-	present	3025	01df04a6fad4fa1f7c9f85680abd95324ae79309c9b36fbfff87a2833959f7c6	n/a(moved)
skills/rtl-verif/README.md	gone	-	-	present	724	e8d653a1b64f55a2d77419b88a0264ceda52c32d367cebeb99da1abff5345a03	n/a(moved)
skills/rtl-verif/SKILL.md	gone	-	-	present	2433	77386609c83d91fdb5862dee1cffefe27663f2ee4270c4f8fd73fbc136a9c806	n/a(moved)
skills/rtl-verif/templates/cocotb/bootstrap_venv.sh	gone	-	-	present	2448	e5a332d0945c7f7ecbd00d4a0b777c408cbd9589c688793bc618d333e854ad26	n/a(moved)
skills/rtl-verif/templates/cocotb/Makefile	gone	-	-	present	2472	433db9c473e1d6e0a02d364b39f82ecc46a46c01a32612c818c1b68e7944bd32	n/a(moved)
skills/rtl-verif/templates/cocotb/tb_template.py	gone	-	-	present	3712	0168597fa3f44486aa91b0488a0220417f61f216bdfb69e154b336d266fe82a4	n/a(moved)
skills/rtl-verif/templates/uvm/dut_agent.sv	gone	-	-	present	1759	1b1c85d186aff07534e36cc2d36cb7bb737775d6c3a9fa83c90a0cf7fc21a0ba	n/a(moved)
skills/rtl-verif/templates/uvm/dut_driver.sv	gone	-	-	present	1438	c13a55e9025b7bb0d381090d196317499960dcbd9b05b2b998aec4ddf9a4d925	n/a(moved)
skills/rtl-verif/templates/uvm/dut_env.sv	gone	-	-	present	1260	4e1237fe9ff971e740b7d76fd6ba82badb44de04b486d46732a5d90858d697dc	n/a(moved)
skills/rtl-verif/templates/uvm/dut_monitor.sv	gone	-	-	present	1386	580f354a233480115f89ca564bab45f8489291f562fb1c60a93c1a748dfba66a	n/a(moved)
skills/rtl-verif/templates/uvm/dut_pkg.sv	gone	-	-	present	1618	1895572fffb11d1f42a9e46d0d84aca14c658fe57822e60b03016d00cdcea3f3	n/a(moved)
skills/rtl-verif/templates/uvm/dut_scoreboard.sv	gone	-	-	present	1805	957b392502d9a77f8dc30abd63ba167860a318c314eb8ea627352c021748bb64	n/a(moved)
skills/rtl-verif/templates/uvm/dut_sequence_item.sv	gone	-	-	present	1055	ecbace2f50a66051eef4f31ab3f6acfaf31eb6a9f7ede4d679d9cee62b0ba66b	n/a(moved)
skills/rtl-verif/templates/uvm/dut_sequence.sv	gone	-	-	present	1048	1292ee5e08c21ae13bebd620dd9637101ba77ca83b78c85914276e304dbd8ec8	n/a(moved)
skills/rtl-verif/templates/uvm/README.md	gone	-	-	present	1881	0eebb5e49ebef33788148f21ba04852b9812ec7bd72bae8db9be54512bc27d63	n/a(moved)
packages/mpd-verif-plugin/dist/index.js	gone	-	-	present	96186	180e68750f406e2b2cb4068be6ffec205118f0b71a0cdd02edf502c05f91bc5d	n/a(moved)
packages/mpd-verif-plugin/evidence/smoke/adder_tb.py	gone	-	-	MISSING	-	-	-
packages/mpd-verif-plugin/evidence/smoke/adder.v	gone	-	-	MISSING	-	-	-
packages/mpd-verif-plugin/evidence/smoke/results.json	gone	-	-	MISSING	-	-	-
packages/mpd-verif-plugin/evidence/smoke/smoke.mjs	gone	-	-	present	5682	bc80fce3b7e126221e7605848dded1cce76424e886a15c01cb6ff72e3f86cc65	n/a(moved)
packages/mpd-verif-plugin/evidence/smoke/workspace/rtl/adder_tb.py	gone	-	-	MISSING	-	-	-
packages/mpd-verif-plugin/evidence/smoke/workspace/rtl/adder.v	gone	-	-	MISSING	-	-	-
packages/mpd-verif-plugin/evidence/smoke/workspace/rtl/bad.v	gone	-	-	MISSING	-	-	-
packages/mpd-verif-plugin/evidence/smoke/workspace/rtl/good.v	gone	-	-	MISSING	-	-	-
packages/mpd-verif-plugin/evidence/smoke/workspace/rtl/__pycache__/adder_tb.cpython-312.pyc	gone	-	-	MISSING	-	-	-
packages/mpd-verif-plugin/.mpd/verif/logs/lint-iverilog-20260911-110219-628.log	gone	-	-	MISSING	-	-	-
packages/mpd-verif-plugin/package.json	gone	-	-	present	431	f3a5abe2c9132234d8d2cef3cd11db74d5003c0380765b52a242acb98b3267ed	n/a(moved)
packages/mpd-verif-plugin/README.md	gone	-	-	present	7262	efdec7a9fce0880f5ffb572c23b5eabb868da33aa13238ae315708257d67ad2a	n/a(moved)
packages/mpd-verif-plugin/README.zh-CN.md	gone	-	-	present	7315	8fc4cf37967c799515ab81bbc907183bf579bbab438bcfbe488b77cb40c72f30	n/a(moved)
packages/mpd-verif-plugin/src/backends.ts	gone	-	-	present	11156	ea5311cb6c9f827244c5c2b58c65080e912d32132c27ebe6568e42795e67c3bb	n/a(moved)
packages/mpd-verif-plugin/src/compile.ts	gone	-	-	present	3602	17e62429efbe14cb94b0247be9ff1e434c1655f3ffe019e69b08f418499e460b	n/a(moved)
packages/mpd-verif-plugin/src/coverage.ts	gone	-	-	present	6273	1d015bc634726a9190b5a214e3cc4091e723f44cc92534c646ddc29ecf721443	n/a(moved)
packages/mpd-verif-plugin/src/eda-tools.ts	gone	-	-	present	3673	3d97a05c0ea0cae9ea2c8d9f53149b864658f23de5f141e7d5e4e051ca31758f	n/a(moved)
packages/mpd-verif-plugin/src/env.ts	gone	-	-	present	3281	b7237b4d294fb3856a8927125f939094b1641710a94cda03425f55cc1d682dfa	n/a(moved)
packages/mpd-verif-plugin/src/errors.ts	gone	-	-	present	1990	a081933bbe3aed63b21a56318758e71d1fc0ae22680a06a805ad205b1fe94fbe	n/a(moved)
packages/mpd-verif-plugin/src/index.ts	gone	-	-	present	24592	63820d748f7d1ec099c1c5325671e423fb7e9e1446d73cab39c3fa73b6606ab6	n/a(moved)
packages/mpd-verif-plugin/src/regress.ts	gone	-	-	present	11012	efd078291817cf5396ef10a1477fde33fd71ec72778ff013db4685992df6f3ea	n/a(moved)
packages/mpd-verif-plugin/src/run.ts	gone	-	-	present	1927	e04368284925c5f78e3c696377e9da78cfaa22493b9eacca61c126d426ea5092	n/a(moved)
packages/mpd-verif-plugin/src/sim.ts	gone	-	-	present	14425	dbdf2a9dcd90ad1459c4ca236fa6c9a57610a8089db6bdb2ef1959a73df73176	n/a(moved)
packages/mpd-verif-plugin/src/uvm.ts	gone	-	-	present	20903	27277b87566cbf2c68a9e6ce801e3582b68cef544abce6e95ea1ecbd69122a14	n/a(moved)
packages/mpd-verif-plugin/src/venv.ts	gone	-	-	present	6606	c5ec78fcc1b1c1698e0ed1e1cf9fc908f1243a396c41040ca9f5673ce84e6b93	n/a(moved)
packages/mpd-verif-plugin/src/wave.ts	gone	-	-	present	6788	4c3a7d5f863298e1c933fe8ed59db84b2d8a6ec09e8ec3c2130d177df81be9ed	n/a(moved)
packages/mpd-verif-plugin/test/core.test.ts	gone	-	-	present	7366	5952278ab23ecbc13a3f27a13570b877a3fb4ac61252d9ec03c18972932fd6cd	n/a(moved)
packages/mpd-verif-plugin/test/coverage.test.ts	gone	-	-	present	5802	316283f1356dff45ec1532c8cf6806fb4692f3556ac5529c27b2418ffda69f2b	n/a(moved)
packages/mpd-verif-plugin/test/fixtures/cnt8-failures.xml	gone	-	-	present	953	4429da3b104ecf4ba484241c5220fb9df162b215f9993b3d33fc6fed31615d4d	n/a(moved)
packages/mpd-verif-plugin/test/helpers.ts	gone	-	-	present	7112	af1640f500b91f9e7cbfce1e6226c574617a3d8c919ecdbe075c609a2c6b1aa2	n/a(moved)
packages/mpd-verif-plugin/test/index.test.ts	gone	-	-	present	3907	48b44889dacbb9e48b940a72646bb81d64a6c4a2ec9caf4e55c6d9c5e94caf28	n/a(moved)
packages/mpd-verif-plugin/test/lossless.test.ts	gone	-	-	present	6190	eaa5bb130963f2aba1126d8b38b7db4e6e6391ddd36dd2378802a67a1f9ff8e7	n/a(moved)
packages/mpd-verif-plugin/test/regress.test.ts	gone	-	-	present	11699	e9705e1baf072e8d7192c3bbcd6092881ba7d52eccad9d8a559c0c0ac2f58cb5	n/a(moved)
packages/mpd-verif-plugin/test/sim.test.ts	gone	-	-	present	10806	c3b9d34241132aae9495ce5bad6463d4a01e3aba52ad9fe63e274be7ff4aa919	n/a(moved)
packages/mpd-verif-plugin/test/uvm.test.ts	gone	-	-	present	13614	c7ce295ecc8857b2fe720bdc500078e6ec625e842ac77e67766d8263a252b373	n/a(moved)
packages/mpd-verif-plugin/test/venv.test.ts	gone	-	-	present	4484	3bf69ec6439533d7d0c776f413d972debecc2e412a6bb780d699aedd02985f9d	n/a(moved)
packages/mpd-verif-plugin/test/wave.test.ts	gone	-	-	present	5684	8ed981c509e361689cd35847ae7c9b748b49611d83dc95e564d5b886c17cb7d8	n/a(moved)
