token	mpd	silicon	resolution
docs/adder4.md	yes	yes	BOTH
docs/cnt8.md	yes	yes	BOTH
packages/mpd-bundle/cordis.patch.yml	yes	yes	BOTH
packages/mpd-mcp-lsp/dist/cli.js	yes	yes	BOTH
packages/mpd-mcp-lsp/templates/rtl-lsp-client.json	yes	yes	BOTH
packages/mpd-verif-plugin/dist/index.js	no	yes	silicon
packages/mpd-verif-plugin/evidence/smoke/	no	yes	silicon
presets/rtl-ip.profile.json	no	yes	silicon
scripts/install-mcp.mjs	yes	no	mpd-only
skills/ast-grep/scripts/ast_grep_helper.py	yes	no	mpd-only
skills/dsh-qa/scripts/rtl-verif.mjs	yes	no	mpd-only
skills/lsp-setup/references/	yes	no	mpd-only
skills/rtl-codestyle	no	yes	silicon
skills/rtl-codestyle/templates/fsm_3process.vinc	no	yes	silicon
skills/rtl-codestyle/templates/module_skeleton.vinc	no	yes	silicon
skills/rtl-codestyle/templates/parameterized_counter.vinc	no	yes	silicon
skills/rtl-verif	no	yes	silicon
skills/rtl-verif/fixtures/adder4	no	yes	silicon
skills/rtl-verif/fixtures/cnt8	no	yes	silicon
skills/rtl-verif/templates/uvm/	no	yes	silicon

COUNTS {"BOTH":5,"silicon":11,"mpd-only":4}
